days_rel_to_CRS,cytokine,num_patients,carHLH_pos,carHLH_neg,carHLH_pos_mean,carHLH_neg_mean,carHLH_pos_log10_mean,carHLH_neg_log10_mean,carHLH_pos_log10_median,carHLH_neg_log10_median,carHLH_pos_log10_IQR,carHLH_neg_log10_IQR,wilcox_pvalue,log2fc,padj_FDR
-10,GM-CSF,9,1,8,0.54,6.43025,-0.26760624,0.099244929,-0.26760624,-0.097453561,0,0.301189195,0.243304597,-3.573843516,0.957264957
-9,GM-CSF,13,4,9,0.8975,1.566666667,-0.138371114,0.081016669,-0.26760624,0.06069784,0.159383077,0.743277429,0.350538064,-0.803714412,0.876345159
-8,GM-CSF,22,9,13,0.807777778,2.426923077,-0.194480234,0.095283422,-0.26760624,0.089905111,0.00796893,0.615911103,0.455129533,-1.587098019,0.925782801
-7,GM-CSF,29,14,15,1.622285714,1.564133333,-0.043843539,0.043735602,-0.263621775,-0.167491087,0.394991833,0.527217535,0.200796584,0.052664428,0.579211666
-6,GM-CSF,26,10,16,1.1028,1.97825,-0.097405495,0.060136,-0.251881227,-0.18050592,0.214254136,0.743277429,0.365216409,-0.843053585,0.838642849
-5,GM-CSF,25,8,17,0.9425,0.897705882,-0.125103323,-0.128072098,-0.26760624,-0.207608311,0.403693101,0.181420093,0.616382887,0.07024977,0.846018577
-4,GM-CSF,31,12,19,0.865166667,1.384736842,-0.1738495,-0.039662886,-0.26760624,-0.107905397,0.011107555,0.280361577,0.394720264,-0.678561843,0.952255301
-3,GM-CSF,26,11,15,0.971818182,0.8568,-0.098020264,-0.145140176,-0.26760624,-0.26760624,0.306653315,0.231547945,0.766553894,0.181727944,0.918816851
-2,GM-CSF,40,16,24,0.74575,1.57,-0.205712071,-0.029002085,-0.26760624,-0.251093033,0.069444495,0.42032519,0.162674256,-1.074000581,0.610028459
-1,GM-CSF,32,15,17,0.786,0.933176471,-0.175829479,-0.118401991,-0.26760624,-0.258060922,0.181420093,0.308998925,0.398739715,-0.247620619,0.751095469
0,GM-CSF,41,17,24,1.319294118,1.43475,-0.069227091,-6.98E-04,-0.161150909,-0.12555728,0.216996247,0.490868822,0.680014642,-0.121033146,0.793709946
1,GM-CSF,34,15,19,1.388666667,1.122315789,-0.026240323,-0.068734808,-0.124938737,-0.148741651,0.331028961,0.280422996,0.929999268,0.30722167,1
2,GM-CSF,42,18,24,6.226166667,1.940916667,0.137302161,0.05574186,-0.015105731,-0.179262945,0.437086565,0.739992821,0.95923866,1.681606019,0.95923866
3,GM-CSF,34,16,18,5.344375,2.279166667,0.131286458,0.003482855,-0.007017461,-0.263621775,0.58434122,0.142667504,0.450410545,1.229514814,0.482582727
4,GM-CSF,40,18,22,2.671222222,1.501454545,0.102619954,-0.022972075,0.04788098,-0.262833581,0.603356272,0.486408628,0.425355431,0.831139201,0.455737962
5,GM-CSF,36,18,18,1.547777778,1.690666667,0.053608796,-0.137187528,-0.041799348,-0.26760624,0.640035627,0.005976697,0.035422519,-0.127393893,0.044889325
6,GM-CSF,40,20,20,1.0591,0.8051,-0.080580947,-0.186043594,-0.26760624,-0.26760624,0.450797753,0.027288888,0.414453653,0.395598921,0.414453653
7,GM-CSF,34,17,17,0.677058824,0.897176471,-0.206172382,-0.231527934,-0.26760624,-0.26760624,0.100115153,0,0.094732161,-0.406110603,0.147369388
8,GM-CSF,34,17,17,0.748823529,0.668941176,-0.194855672,-0.243128802,-0.26760624,-0.26760624,0.080519597,0,0.379019983,0.162746415,0.406092839
9,GM-CSF,28,16,12,0.6125,0.500166667,-0.255827845,-0.306174872,-0.26760624,-0.26760624,0.001992232,0.083374467,0.477424054,0.292300931,0.633773183
10,GM-CSF,34,18,16,0.767222222,0.662625,-0.193945365,-0.250474033,-0.26760624,-0.26760624,0.00796893,0.023042905,0.799862902,0.211451872,0.922918733
-10,IFN-gamma,9,1,8,32.35,73.44125,1.509874285,1.081210937,1.509874285,0.908616042,0,1.021372258,0.666666667,-1.182824902,0.957264957
-9,IFN-gamma,13,4,9,15.41,29.65777778,1.050276069,1.156329999,1.070380785,1.033021445,0.263030312,0.484482354,0.93986014,-0.944543641,1
-8,IFN-gamma,22,9,13,14.25666667,23.07692308,0.847128183,1.169215201,0.770115295,1.092720645,0.769007871,0.469264725,0.292050983,-0.694814171,0.90151335
-7,IFN-gamma,29,14,15,17.91571429,11.036,1.083108466,0.864347557,1.144492847,0.835690571,0.627258164,0.714474413,0.270298777,0.699008202,0.579211666
-6,IFN-gamma,26,10,16,50.918,25.493125,1.371539066,1.218555436,1.337482533,1.329867516,0.64212369,0.640971861,0.697881954,0.99806752,0.978972735
-5,IFN-gamma,25,8,17,10.18375,11.46470588,0.906295841,0.912272378,0.963099172,1.008600172,0.384995212,0.521394611,0.977263713,-0.170930436,0.977263713
-4,IFN-gamma,31,12,19,48.7175,20.90789474,1.145427639,1.193426929,1.064754234,1.206556044,0.575507493,0.276437923,0.645846364,1.2203923,0.952255301
-3,IFN-gamma,26,11,15,18.55818182,56.33133333,1.074524706,1.188169987,1.105510185,1.135450699,0.430822199,0.536866971,0.918816851,-1.601882246,0.918816851
-2,IFN-gamma,40,16,24,46.251875,37.03125,1.31322725,1.355648875,1.280648267,1.48172804,0.557209757,0.581247717,0.452177012,0.320768603,0.753628353
-1,IFN-gamma,32,15,17,58.21266667,87.45529412,1.605651184,1.76944124,1.565847819,1.816108671,0.652111944,0.607407572,0.261270228,-0.587212613,0.65317557
0,IFN-gamma,41,17,24,374.9982353,139.6995833,2.135892928,1.962257634,2.16592655,2.065378125,1.115002114,0.522351913,0.573389271,1.424556089,0.793709946
1,IFN-gamma,35,15,20,377.6886667,290.225,2.329342417,2.22769216,2.32594646,2.320902797,0.655320668,0.471784748,0.908355684,0.380025695,1
2,IFN-gamma,42,18,24,1312.194444,351.0954167,2.947024641,2.277055123,2.953535352,2.383487523,0.65036302,0.559180209,1.17E-04,1.90204645,0.001760822
3,IFN-gamma,34,16,18,1643.13375,686.6016667,3.012257725,2.273495481,3.224020299,2.088398356,0.849865082,1.03556733,0.005190308,1.258904655,0.044281015
4,IFN-gamma,40,18,22,1798.043333,539.0509091,3.085008789,2.187681386,3.373345368,2.126277263,0.66761845,0.737266932,1.57E-04,1.737934355,0.002351049
5,IFN-gamma,36,18,18,1620.562778,271.5344444,2.833903978,1.847549782,3.284561368,1.804614137,1.254481699,0.683123302,0.001552564,2.577287787,0.005169015
6,IFN-gamma,40,20,20,1108.122,71.6785,2.689672203,1.624077113,2.984040976,1.679632902,1.171338269,0.626247607,3.29E-05,3.950432468,1.65E-04
7,IFN-gamma,34,17,17,647.5705882,63.71411765,2.29047573,1.532402956,2.54034199,1.564073979,1.189324008,0.795506659,0.004250251,3.345352479,0.020225871
8,IFN-gamma,34,17,17,429.6958824,45.72411765,2.197161507,1.364264567,2.447530124,1.314077992,0.97069022,0.771081732,0.001153512,3.232288717,0.004973005
9,IFN-gamma,28,16,12,342.875,42.395,1.985245579,1.462768227,2.173226391,1.624525153,0.959411339,0.643493377,0.073540005,3.015716686,0.271234648
10,IFN-gamma,34,18,16,264.9722222,38.185,1.829664523,1.407024642,1.907335779,1.405491438,0.934806221,0.647948717,0.05472179,2.794763197,0.164165369
-10,IL-10,9,1,8,1.08,2.36,0.033423755,0.059626538,0.033423755,-0.117463899,0,0.741322367,0.888888889,-1.127755547,0.957264957
-9,IL-10,13,4,9,2.6975,1.936666667,0.291205927,0.03983847,0.233448632,-0.080921908,0.618843245,0.534728018,0.33006993,0.478047297,0.876345159
-8,IL-10,22,9,13,3.88,1.727692308,0.279916766,0.145925301,0.133538908,0.130333768,0.959645932,0.275679355,0.694769008,1.167210348,0.925782801
-7,IL-10,29,14,15,3.015,2.43,0.179628383,0.12176587,0.04930456,-0.026872146,0.567370463,0.663222796,0.714829556,0.311201688,0.938852814
-6,IL-10,26,10,16,2.752,3.210625,0.253033348,0.286976336,0.262133134,0.269003939,0.490812195,0.473430747,0.938175568,-0.222373699,0.978972735
-5,IL-10,25,8,17,3.89625,1.692941176,0.33073504,0.125313018,0.257393374,0.086359831,0.792740671,0.437157955,0.287865382,1.202554404,0.688429218
-4,IL-10,31,12,19,4.221666667,3.464210526,0.408102192,0.361840292,0.324862093,0.367355921,0.416819416,0.542447188,0.85742473,0.285286063,0.952255301
-3,IL-10,26,11,15,4.934545455,4.374,0.514949878,0.46839976,0.670245853,0.50242712,0.883083756,0.600984234,0.716195435,0.173963977,0.918816851
-2,IL-10,40,16,24,8.91625,7.8325,0.708027973,0.672057523,0.674273144,0.642270634,0.557532373,0.616937961,0.740410249,0.186964204,0.774498437
-1,IL-10,32,15,17,11.86333333,15.87823529,0.904771868,1.00109603,1.033021445,0.976349979,0.454053604,0.804455648,0.628085299,-0.420541148,0.752489736
0,IL-10,41,17,24,64.12823529,38.49375,1.475256855,1.320718206,1.391111614,1.390608473,0.739077004,0.722240853,0.393944444,0.736335484,0.793709946
1,IL-10,35,15,20,65.252,77.0235,1.688843639,1.558210741,1.770557475,1.580540397,0.467326438,0.645455322,0.346712272,-0.23927656,0.857567288
2,IL-10,42,18,24,182.5572222,65.16041667,2.010369059,1.517859623,1.90914093,1.481965655,0.615604178,0.813846127,0.016314014,1.486281011,0.081570071
3,IL-10,34,16,18,228.5325,111.2866667,2.045052707,1.522008598,2.081238463,1.398449238,0.580512256,0.934769208,0.024651553,1.038118595,0.050901403
4,IL-10,40,18,22,183.1566667,76.97045455,2.002902591,1.387107267,2.058221829,1.29776222,0.688893934,0.529754964,0.001467911,1.250701542,0.005504668
5,IL-10,36,18,18,175.6722222,25.57944444,1.711533191,1.048556509,1.591054099,1.010352965,1.472724018,0.56242409,0.009630883,2.77982925,0.018057905
6,IL-10,40,20,20,91.604,11.456,1.395624659,0.859001771,1.150969879,0.777836158,0.83413794,0.638829865,0.016742394,2.999307199,0.027824284
7,IL-10,34,17,17,27.55882353,10.23882353,1.111792508,0.779861699,1.170848204,0.67669361,0.918124503,0.612751854,0.098246259,1.428464347,0.147369388
8,IL-10,34,17,17,30.09058824,9.614117647,1.13187048,0.747515954,1.07773118,0.605305046,0.623284701,0.702500873,0.041029057,1.646085947,0.068381761
9,IL-10,28,16,12,19.43875,7.508333333,1.035229833,0.754780096,0.885800354,0.789222755,0.64626848,0.395691099,0.205310377,1.372370845,0.439950809
10,IL-10,34,18,16,17.32277778,6.598125,1.050365335,0.639889857,1.020505169,0.610072357,0.604875996,0.480666344,0.011004592,1.392542276,0.055022959
-10,IL-12p70,9,1,8,0.25,0.44525,-0.602059991,-0.470144679,-0.602059991,-0.576831444,0,0.091123486,0.845171118,-0.832687516,0.957264957
-9,IL-12p70,13,4,9,0.2625,0.290222222,-0.581687159,-0.544830173,-0.593543322,-0.585026652,0.028889502,0.079181246,0.813663716,-0.144840568,0.952124798
-8,IL-12p70,22,9,13,0.265555556,0.331538462,-0.580939011,-0.502396431,-0.602059991,-0.537602002,0.017033339,0.158362492,0.119758446,-0.320162534,0.898188348
-7,IL-12p70,29,14,15,0.247285714,0.260133333,-0.607279034,-0.585946627,-0.602059991,-0.602059991,0.017728767,0.040486077,0.107465236,-0.07307238,0.444170088
-6,IL-12p70,26,10,16,0.3132,0.298875,-0.521402336,-0.532210092,-0.576831444,-0.553119119,0.09226364,0.076754413,0.791238868,0.067541988,0.978972735
-5,IL-12p70,25,8,17,0.24875,0.271294118,-0.606970269,-0.572742348,-0.610924375,-0.602059991,0.027175907,0.033423755,0.102532203,-0.125161241,0.512661015
-4,IL-12p70,31,12,19,0.251,0.266842105,-0.601299979,-0.576883887,-0.602059991,-0.585026652,0.034762106,0.064457989,0.162492669,-0.088298964,0.952255301
-3,IL-12p70,26,11,15,0.273636364,0.2516,-0.578552925,-0.600013919,-0.602059991,-0.602059991,0.017728767,0.024443374,0.767304699,0.121128041,0.918816851
-2,IL-12p70,40,16,24,0.250125,0.26725,-0.602787183,-0.576950423,-0.602059991,-0.602059991,0.032059013,0.078582632,0.255724869,-0.095540686,0.753628353
-1,IL-12p70,32,15,17,0.248666667,0.262588235,-0.604853899,-0.585689595,-0.602059991,-0.602059991,0.026245437,0.031157982,0.652157771,-0.078589151,0.752489736
0,IL-12p70,41,17,24,0.607176471,0.29725,-0.493250426,-0.545031603,-0.602059991,-0.602059991,0.031157982,0.082712407,0.458258288,1.030439074,0.793709946
1,IL-12p70,35,15,20,0.410666667,0.2722,-0.535100565,-0.573806357,-0.602059991,-0.602059991,0.025897723,0.031157982,0.944747973,0.593300783,1
2,IL-12p70,42,18,24,3.285,0.423333333,-0.180208122,-0.435340306,-0.585026652,-0.530240374,0.806621423,0.34221231,0.857915536,2.956027374,0.919195217
3,IL-12p70,34,16,18,1.63875,0.578555556,-0.272666661,-0.467595676,-0.593543322,-0.602059991,0.798553992,0.029326151,0.647749326,1.502068375,0.647749326
4,IL-12p70,40,18,22,3.370666667,0.439636364,-0.13638725,-0.440237667,-0.538637271,-0.553119119,0.809406344,0.243016613,0.390523057,2.938651337,0.450603527
5,IL-12p70,36,18,18,2.240555556,1.036777778,-0.142334402,-0.458218755,-0.560739102,-0.602059991,0.842152841,0.027626821,0.047041787,1.111749798,0.054278985
6,IL-12p70,40,20,20,1.0331,0.2646,-0.288186638,-0.57933896,-0.525061148,-0.602059991,0.461376441,0.041182314,0.013978982,1.965094941,0.026210592
7,IL-12p70,34,17,17,0.507647059,0.288941176,-0.417424617,-0.559081241,-0.585026652,-0.602059991,0.318063335,0.017033339,0.075868335,0.813049999,0.142253128
8,IL-12p70,34,17,17,0.572352941,0.268941176,-0.391290382,-0.575542459,-0.48148606,-0.602059991,0.264817823,0.017033339,0.014737463,1.089614401,0.036843658
9,IL-12p70,28,16,12,0.38875,0.353333333,-0.510031615,-0.499913582,-0.593543322,-0.602059991,0.077877718,0.114983152,0.924920337,0.137812816,0.980963739
10,IL-12p70,34,18,16,0.561666667,0.27825,-0.46317095,-0.565049141,-0.593543322,-0.602059991,0.136806178,0.059888802,0.623955398,1.013332498,0.85084827
-10,IL-13,9,1,8,0.25,0.60525,-0.602059991,-0.312436206,-0.602059991,-0.427868613,0,0.3600626,0.222222222,-1.275603079,0.957264957
-9,IL-13,13,4,9,0.56,0.572222222,-0.292038953,-0.301432274,-0.239954836,-0.161150909,0.247174351,0.465840244,0.816215886,-0.031148699,0.952124798
-8,IL-13,22,9,13,0.553333333,0.721538462,-0.317906266,-0.202508163,-0.180456064,-0.119186408,0.391691059,0.311753861,0.116375293,-0.382927464,0.898188348
-7,IL-13,29,14,15,0.404,0.4768,-0.439310164,-0.367180381,-0.540775129,-0.387216143,0.285332288,0.402602524,0.237429561,-0.239028943,0.579211666
-6,IL-13,26,10,16,1.2196,0.588625,-0.184926803,-0.286069298,-0.253969198,-0.13667714,0.5508319,0.425382249,0.957902497,1.050987333,0.978972735
-5,IL-13,25,8,17,1.15875,0.429294118,-0.268411707,-0.408874572,-0.410224104,-0.48148606,0.404570588,0.237528954,0.906962674,1.432531029,0.977263713
-4,IL-13,31,12,19,0.597166667,0.567368421,-0.269650708,-0.306555063,-0.220046687,-0.161150909,0.249857968,0.4608861,0.823071623,0.073847783,0.952255301
-3,IL-13,26,11,15,0.512727273,0.447466667,-0.373656628,-0.411054071,-0.508638306,-0.537602002,0.404570588,0.316075843,0.91687386,0.196411424,0.918816851
-2,IL-13,40,16,24,0.48975,0.53925,-0.351421846,-0.317863525,-0.361769098,-0.268950809,0.3735908,0.446629791,0.447082861,-0.138908779,0.753628353
-1,IL-13,32,15,17,0.418666667,0.382352941,-0.411994841,-0.463039067,-0.37675071,-0.552841969,0.319200317,0.187086643,0.507070299,0.130897087,0.751095469
0,IL-13,41,17,24,0.975058824,0.601333333,-0.249127576,-0.276554089,-0.346787486,-0.170803487,0.347487397,0.411728293,0.551150843,0.697324324,0.793709946
1,IL-13,35,15,20,0.743333333,0.4959,-0.249586333,-0.399083019,-0.346787486,-0.508638306,0.247176701,0.281674548,0.068858943,0.583960079,0.446922902
2,IL-13,42,18,24,3.001666667,0.753333333,-0.025522551,-0.228749864,-0.180456064,-0.15494628,0.767796411,0.567581844,0.567080263,1.994403503,0.708850328
3,IL-13,34,16,18,5.328125,0.682333333,0.229097527,-0.28489053,0.285096281,-0.338890353,1.023133829,0.405553614,0.027147415,2.965079327,0.050901403
4,IL-13,40,18,22,2.927,0.840909091,0.182610449,-0.151579016,0.207018468,-0.13372271,0.907363836,0.333774169,0.044172346,1.799400999,0.063971276
5,IL-13,36,18,18,2.810555556,0.801777778,0.170392261,-0.362697797,0.212244808,-0.530740137,0.810728714,0.233809744,0.002251396,1.809580995,0.00562849
6,IL-13,40,20,20,1.5903,0.5223,-0.003542373,-0.328710125,0.047113243,-0.338890353,0.77293962,0.398064569,0.018549523,1.606348338,0.027824284
7,IL-13,34,17,17,1.190588235,0.829411765,-0.107681121,-0.310893677,-0.236572006,-0.397940009,0.52393671,0.365755325,0.109049195,0.521514127,0.148703448
8,IL-13,34,17,17,1.362941176,0.443529412,-0.070005736,-0.403246565,-0.075720714,-0.443697499,0.771520671,0.258832316,0.019961397,1.619621616,0.039667094
9,IL-13,28,16,12,0.90875,0.588333333,-0.240918628,-0.365135454,-0.387216143,-0.453289157,0.555462187,0.290468882,0.364404684,0.627249681,0.546607026
10,IL-13,34,18,16,0.997222222,0.50125,-0.227803555,-0.359907447,-0.342645154,-0.387345359,0.420074433,0.440429383,0.397457312,0.992384701,0.662428853
-10,IL-15,9,1,8,20.9,23.8,1.320146286,1.335806706,1.320146286,1.260618091,0,0.207388913,0.888888889,-0.187458631,0.957264957
-9,IL-15,13,4,9,21.745,22.28444444,1.320876709,1.266125242,1.304643066,1.257198426,0.189470556,0.244989772,1,-0.035353286,1
-8,IL-15,22,9,13,24.36444444,22.17230769,1.323566252,1.319275034,1.218010043,1.310268367,0.167606961,0.172907145,0.646970367,0.136018393,0.925782801
-7,IL-15,29,14,15,21.74792857,19.00266667,1.282486002,1.188225231,1.23924068,1.224014811,0.228314819,0.353423363,0.376588383,0.194676107,0.706103218
-6,IL-15,26,10,16,21.779,15.5675,1.29110148,1.157748156,1.260047524,1.13556076,0.230820655,0.153151441,0.086857496,0.484400434,0.698051948
-5,IL-15,25,8,17,22.675,20.39964706,1.291773239,1.248053008,1.249068401,1.276691529,0.247525113,0.282158331,0.977263713,0.152558359,0.977263713
-4,IL-15,31,12,19,23.00908333,16.95736842,1.282629854,1.194799212,1.307260948,1.163161375,0.290674621,0.164950485,0.247703999,0.44029121,0.952255301
-3,IL-15,26,11,15,18.48909091,18.18866667,1.203254164,1.212917063,1.159567193,1.220892249,0.363480034,0.15803878,0.443029137,0.023634501,0.79037754
-2,IL-15,40,16,24,19.0675625,15.49158333,1.210478038,1.123337603,1.249708401,1.171074099,0.35736168,0.260396033,0.304335681,0.299635825,0.753628353
-1,IL-15,32,15,17,20.67133333,16.51458824,1.236431702,1.149831226,1.311541958,1.15715444,0.349195973,0.201723397,0.478383339,0.323890449,0.751095469
0,IL-15,41,17,24,25.73670588,16.84541667,1.341677134,1.167002487,1.373831145,1.154744499,0.355691913,0.302781662,0.024153444,0.611471297,0.362301663
1,IL-15,34,15,19,26.05933333,19.30536842,1.34558045,1.185265696,1.423900919,1.188928484,0.353584129,0.388832707,0.08938458,0.43279809,0.446922902
2,IL-15,42,18,24,32.32494444,19.612125,1.432450944,1.225333874,1.515939997,1.239245659,0.350001889,0.364254395,0.015151843,0.720902029,0.081570071
3,IL-15,34,16,18,28.938125,17.95727778,1.349693835,1.092868742,1.433981039,0.981231999,0.48016652,0.48248134,0.035620924,0.688402786,0.059368206
4,IL-15,40,18,22,30.042,13.89186364,1.346163237,1.069051027,1.455195861,1.08294638,0.584332261,0.369582125,0.007651398,1.112740707,0.019128495
5,IL-15,36,18,18,20.24555556,13.775,1.127803094,0.9080766,1.307399375,0.78886593,0.563836177,0.343969437,0.05487636,0.555552914,0.0587961
6,IL-15,40,20,20,15.12335,7.6816,0.990303065,0.799767366,1.02160193,0.746931091,0.586999897,0.352099053,0.090892229,0.977299003,0.104875648
7,IL-15,34,17,17,9.445882353,10.40017647,0.825864925,0.747282125,0.838219222,0.722633923,0.561580959,0.349044834,0.418236317,-0.138850536,0.44811034
8,IL-15,34,17,17,8.413529412,6.546823529,0.802851463,0.726223196,0.899273187,0.71432976,0.567745249,0.406724689,0.535237414,0.361916036,0.535237414
9,IL-15,28,16,12,6.564375,6.7105,0.744245852,0.773593944,0.820856007,0.778890703,0.487165358,0.327306534,0.873052393,-0.031762608,0.980963739
10,IL-15,34,18,16,7.12,6.49025,0.752270041,0.75522843,0.81017215,0.750238308,0.458321071,0.354342567,0.878248025,0.13360319,0.940980027
-10,IL-18,6,1,5,300.999,550.1082,2.478565053,2.693628502,2.478565053,2.732458899,0,0.333922011,0.666666667,-0.869956714,0.957264957
-9,IL-18,9,4,5,587.2365,339.4942,2.687922039,2.464766836,2.642640182,2.397979962,0.454276248,0.227217355,0.285714286,0.790554715,0.876345159
-8,IL-18,11,5,6,597.5172,527.6871667,2.743448118,2.659968993,2.836896678,2.62848652,0.181944907,0.390430075,0.662337662,0.179297345,0.925782801
-7,IL-18,20,9,11,653.3718889,360.441,2.767906533,2.511051667,2.877932571,2.485126348,0.222519554,0.242547077,0.031031198,0.858141258,0.444170088
-6,IL-18,14,6,8,609.0998333,470.988125,2.730270946,2.611278226,2.766407329,2.646810476,0.375153455,0.227363916,0.344988345,0.370988024,0.838642849
-5,IL-18,16,4,12,1180.19175,380.4835833,2.926119281,2.540635836,2.88263762,2.613420896,0.319089248,0.30369665,0.078021978,1.633115166,0.512661015
-4,IL-18,17,6,11,772.6501667,464.4036364,2.738998488,2.616792463,2.645729184,2.64975629,0.294588521,0.278392527,0.462346477,0.734436083,0.952255301
-3,IL-18,18,8,10,506.478625,413.1647,2.652954303,2.570643211,2.653950313,2.550194243,0.289667145,0.214825764,0.31541661,0.293784386,0.77875398
-2,IL-18,19,7,12,918.4627143,503.6865833,2.855182495,2.646931026,2.762400196,2.689488643,0.409070466,0.321615125,0.142216401,0.866694853,0.610028459
-1,IL-18,16,6,10,648.8478333,477.4288,2.786878674,2.637082326,2.824368329,2.604196905,0.252813251,0.273520295,0.180569431,0.442594583,0.65317557
0,IL-18,19,7,12,1167.031857,599.3549167,2.969058232,2.733672152,2.940497061,2.796426351,0.517028612,0.260682126,0.195562436,0.96136147,0.733359133
1,IL-18,15,5,10,921.9208,669.4809,2.927573384,2.779833072,3.064966116,2.766012135,0.360740525,0.206647567,0.254412254,0.461599921,0.857567288
2,IL-18,16,6,10,1616.660167,809.6647,3.1179655,2.87051292,3.01427237,2.923255433,0.400934589,0.238432218,0.147102897,0.997619961,0.245171495
3,IL-18,17,7,10,1314.913857,991.1576,3.094128738,2.945786956,3.119887731,2.925572143,0.287990111,0.206507409,0.13307281,0.407781911,0.181462922
4,IL-18,14,6,8,2671.367,1044.460125,3.345214967,3.000444935,3.262591685,3.03927395,0.509622521,0.220303721,0.042624043,1.354820776,0.063971276
5,IL-18,16,7,9,3165.694857,1706.644222,3.46533384,3.187113541,3.501784763,3.18937941,0.208244962,0.267891057,0.011538462,0.891359864,0.019230769
6,IL-18,14,6,8,3020.110667,1549.895,3.429045194,3.126495478,3.391388913,3.152167389,0.398466628,0.183040987,0.023714271,0.962430934,0.032337643
7,IL-18,12,6,6,4722.5445,2320.915,3.592670499,3.351653272,3.600092926,3.307703484,0.300812931,0.142287412,0.132034632,1.024870704,0.16504329
8,IL-18,10,4,6,3432.76525,1553.035833,3.484775812,3.156745987,3.488804059,3.179470481,0.424533838,0.169341932,0.069106525,1.144280084,0.09423617
9,IL-18,6,3,3,3164.505333,1808.135667,3.460683154,3.240157195,3.434879505,3.196889379,0.225471877,0.141747203,0.2,0.80747707,0.439950809
10,IL-18,6,1,5,5001,1678.2764,3.699056855,3.207669321,3.699056855,3.271380359,0,0.071889684,0.333333333,1.575236268,0.625
-10,IL-18BP,NA,NA,NA,NA,NA,NA,NA,NA,NA,NA,NA,NA,NA,NA
-9,IL-18BP,6,4,2,14157.733,7498.2435,4.070789533,3.871419136,4.107111855,3.871419136,0.325473546,0.055529459,0.533333333,0.916965691,0.952124798
-8,IL-18BP,10,5,5,13427.6542,11244.2422,4.008561241,4.008012503,4.071103813,3.969102847,0.62462678,0.271989341,1,0.256020854,1
-7,IL-18BP,12,7,5,12476.01457,11424.3572,4.06364637,4.038327508,4.042786899,4.084928432,0.090505446,0.29084402,0.876262626,0.12704415,0.938852814
-6,IL-18BP,12,6,6,17683.36833,9092.6075,4.172787246,3.916405222,4.282334037,3.880068792,0.052407404,0.208365358,0.093073593,0.959627123,0.698051948
-5,IL-18BP,17,9,8,13019.465,9295.12675,4.051927023,3.923272794,4.047859544,3.922304401,0.298805459,0.222956041,0.321266968,0.486123723,0.688429218
-4,IL-18BP,14,9,5,12922.45511,9248.3624,4.006080996,3.919116007,4.041226398,3.898874362,0.313287823,0.266487645,0.518481518,0.482610354,0.952255301
-3,IL-18BP,19,11,8,11212.12909,8462.206125,4.009297413,3.890365081,4.041441521,3.85592609,0.157802219,0.161483264,0.108650208,0.405954527,0.543251039
-2,IL-18BP,19,12,7,13198.944,8624.794,4.070271509,3.914641208,4.110992753,3.891967971,0.268490972,0.203663264,0.142216401,0.613860605,0.610028459
-1,IL-18BP,18,10,8,13556.9287,9719.970375,4.096193164,3.960324855,4.12889243,3.976012304,0.136804758,0.079887668,0.101101513,0.480006553,0.65317557
0,IL-18BP,21,12,9,21772.60967,13241.621,4.276333658,4.097788843,4.324968672,4.120868724,0.304383087,0.244298265,0.095451298,0.717434596,0.47725649
1,IL-18BP,21,12,9,27814.93583,21543.25889,4.361219521,4.297081339,4.401683936,4.240013663,0.424846123,0.251128686,0.463913177,0.368623272,0.869837206
2,IL-18BP,22,13,9,50146.65477,35187.21244,4.604314309,4.505455235,4.630748799,4.56305901,0.573496604,0.235287315,0.347106355,0.511102236,0.473326847
3,IL-18BP,21,12,9,58853.03225,48787.68778,4.721662471,4.650078926,4.795892706,4.68561479,0.381334732,0.234497948,0.269102845,0.270599638,0.336378556
4,IL-18BP,23,14,9,70825.694,47055.032,4.811849725,4.63463936,4.929424035,4.645872602,0.086161017,0.19393183,0.021128272,0.589923822,0.039615511
5,IL-18BP,22,14,8,71054.36443,45692.41238,4.814675303,4.581355693,4.919510219,4.597119613,0.109102308,0.471412338,0.03591146,0.636968655,0.044889325
6,IL-18BP,22,14,8,66699.70043,38533.31325,4.782974191,4.50231432,4.874874887,4.491350922,0.172554206,0.298897155,0.040751134,0.791574042,0.050938917
7,IL-18BP,21,14,7,59999.29771,32530.26129,4.727325028,4.433044645,4.844393047,4.450088251,0.338962046,0.314037674,0.022000181,0.883163204,0.055000453
8,IL-18BP,17,12,5,54860.29383,16316.8358,4.680813323,4.181238016,4.779603294,4.256295342,0.383891122,0.228941917,0.007048409,1.749401036,0.021145226
9,IL-18BP,17,13,4,44299.33777,16716.924,4.584846296,4.178111104,4.64700729,4.241764452,0.227920714,0.21348503,0.022689076,1.405975724,0.113445378
10,IL-18BP,14,12,2,37763.62783,10500.163,4.495575574,3.99016747,4.47383723,3.99016747,0.318704577,0.166129481,0.087912088,1.846585643,0.188383046
-10,IL-1B,8,1,7,0.29,0.325142857,-0.537602002,-0.51632067,-0.537602002,-0.559090918,0,0.015794267,0.376991993,-0.16502083,0.957264957
-9,IL-1B,13,4,9,0.2825,0.342888889,-0.549170552,-0.489150611,-0.545221985,-0.537602002,0.019188533,0.071355909,0.527881801,-0.279490288,0.952124798
-8,IL-1B,22,9,13,0.282222222,0.354615385,-0.549516898,-0.4862699,-0.552841969,-0.568636236,0.015239967,0.087150176,0.864063947,-0.329423537,0.925782801
-7,IL-1B,29,14,15,0.281142857,0.2964,-0.55119037,-0.533499733,-0.552841969,-0.552841969,0.011429975,0.031034234,0.94572096,-0.076242054,0.94572096
-6,IL-1B,26,10,16,0.4436,0.328875,-0.473917486,-0.501685574,-0.552841969,-0.555966443,0.013407938,0.087150176,0.786208972,0.431720022,0.978972735
-5,IL-1B,25,8,17,0.42,0.299529412,-0.462441845,-0.529300653,-0.552841969,-0.552841969,0.015239967,0.021488916,0.546040712,0.487691655,0.846018577
-4,IL-1B,31,12,19,0.361333333,0.472105263,-0.47918972,-0.457308378,-0.552841969,-0.552841969,0.06664286,0.087150176,0.917723807,-0.385778216,0.952255301
-3,IL-1B,26,11,15,0.919090909,0.291466667,-0.411623137,-0.541978236,-0.552841969,-0.559090918,0.015239967,0.031034234,0.054600299,1.656876668,0.409502246
-2,IL-1B,40,16,24,0.29725,0.40175,-0.53039953,-0.475967872,-0.552841969,-0.552841969,0.015239967,0.045063219,0.725312545,-0.434621214,0.774498437
-1,IL-1B,32,15,17,0.316,0.300470588,-0.511628813,-0.532462061,-0.552841969,-0.552841969,0.015239967,0.021488916,0.17619402,0.07270078,0.65317557
0,IL-1B,41,17,24,0.920588235,0.323416667,-0.346150736,-0.511364076,-0.537602002,-0.552841969,0.132625565,0.045063219,0.093847057,1.509161978,0.47725649
1,IL-1B,35,15,20,0.836,0.5056,-0.278242585,-0.403828077,-0.48148606,-0.545221985,0.500827432,0.110343069,0.08932079,0.725506479,0.446922902
2,IL-1B,42,18,24,3.437777778,0.6775,0.065566958,-0.30680744,-0.14578955,-0.431956951,1.088143977,0.404614764,0.054647638,2.343183439,0.156255998
3,IL-1B,34,16,18,2.711875,0.732333333,0.047094261,-0.334295972,-0.082948672,-0.545221985,0.772974943,0.283051239,0.014317776,1.888718312,0.050901403
4,IL-1B,40,18,22,4.552222222,0.659545455,0.179110547,-0.323636691,0.052243556,-0.523120154,0.587903651,0.482761946,0.001070054,2.787026991,0.005504668
5,IL-1B,36,18,18,2.751666667,0.701444444,0.070102374,-0.407636947,-0.031617501,-0.552841969,0.730105761,0.019926679,6.55E-04,1.971904965,0.003277451
6,IL-1B,40,20,20,1.6938,0.3153,-0.07931811,-0.510634909,-0.13396403,-0.545221985,0.75980744,0.037904231,0.001380466,2.425466459,0.004141398
7,IL-1B,34,17,17,1.133529412,0.388,-0.238524051,-0.500880561,-0.292429824,-0.552841969,0.404100317,0.031034234,0.013029892,1.546693268,0.039089677
8,IL-1B,34,17,17,0.905882353,0.285647059,-0.325562898,-0.544977771,-0.48148606,-0.552841969,0.330993219,0.031034234,0.021155783,1.665090024,0.039667094
9,IL-1B,28,16,12,1.110625,1.388833333,-0.306899709,-0.393837584,-0.545221985,-0.545221985,0.260105355,0.02755606,0.345455103,-0.322501703,0.546607026
10,IL-1B,34,18,16,0.778888889,0.472875,-0.348530507,-0.473735669,-0.552841969,-0.537602002,0.430608351,0.02755606,0.621195845,0.719958666,0.85084827
-10,IL-2,9,1,8,1.05,17.29525,0.021189299,0.262585424,0.021189299,-0.091098363,0,0.395943351,0.845814839,-4.041914635,0.957264957
-9,IL-2,13,4,9,2.29,2.266666667,0.254426364,0.280069864,0.228971211,0.220108088,0.265044428,0.23559907,0.825174825,0.014775353,0.952124798
-8,IL-2,22,9,13,2.63,4.287692308,0.045451345,0.301797423,-0.124938737,0.133538908,0.126465257,0.806368429,0.240556638,-0.70513858,0.90151335
-7,IL-2,29,14,15,1.950142857,2.1528,0.140819666,0.13326532,6.07E-04,-0.101274818,0.555556655,0.479159515,0.826394439,-0.142634484,0.938852814
-6,IL-2,26,10,16,6.105,2.706375,0.390296556,0.241190063,0.275053,0.168769562,0.501801147,0.61977046,0.329377191,1.17362954,0.838642849
-5,IL-2,25,8,17,1.71875,1.092470588,0.116129198,-0.012852534,-0.003414197,-0.119186408,0.425414925,0.224288613,0.30517522,0.653765274,0.688429218
-4,IL-2,31,12,19,3.214166667,1.921052632,0.199442389,0.096130439,0.026539222,-0.119186408,0.439439668,0.411124467,0.501878567,0.742547695,0.952255301
-3,IL-2,26,11,15,3.360909091,0.890266667,0.156308822,-0.079201605,-0.055517328,-0.142667504,0.310545862,0.047466833,0.189234024,1.916542075,0.567702071
-2,IL-2,40,16,24,1.47075,2.164583333,0.022832771,0.101825959,-0.142667504,-0.139672322,0.155866917,0.339247499,0.727715648,-0.557537307,0.774498437
-1,IL-2,32,15,17,1.616666667,0.886705882,0.03639156,-0.081731718,-0.142667504,-0.142667504,0.281421827,0.047466833,0.877609253,0.866494695,0.877609253
0,IL-2,41,17,24,1.310705882,1.909666667,0.022293666,0.093302245,-0.124938737,-0.130926956,0.231527022,0.480318886,0.698912459,-0.542976851,0.793709946
1,IL-2,35,15,20,1.609333333,1.8427,0.065347017,0.051247745,-0.124938737,-0.142667504,0.344562003,0.16117017,0.749521171,-0.195358037,1
2,IL-2,42,18,24,1.670111111,1.759583333,0.053911193,0.046868781,-0.13380312,-0.142667504,0.247730159,0.252505398,0.758154587,-0.075289754,0.874793754
3,IL-2,34,16,18,1.169375,1.069111111,0.007815007,-0.032422369,-0.087774365,-0.142667504,0.21708409,0.047466833,0.296753113,0.129325855,0.342407438
4,IL-2,40,18,22,1.152888889,1.240545455,-0.002559633,-0.010447873,-0.13380312,-0.142667504,0.269429669,0.165671739,0.650988581,-0.10572112,0.650988581
5,IL-2,36,18,18,2.79,0.935111111,0.035131387,-0.074262897,-0.142667504,-0.142667504,0.114634131,0.019370723,0.146083662,1.577055419,0.146083662
6,IL-2,40,20,20,0.9336,0.7505,-0.060866548,-0.128731062,-0.142667504,-0.145704577,0.090200264,0.029555244,0.156781695,0.314952489,0.167980387
7,IL-2,34,17,17,0.776470588,0.909529412,-0.118993264,-0.092361332,-0.142667504,-0.148741651,0.023802915,0.006074148,0.510577537,-0.228189013,0.510577537
8,IL-2,34,17,17,0.854117647,0.745882353,-0.083874841,-0.131573783,-0.142667504,-0.148741651,0.023802915,0.006074148,0.1743637,0.195486708,0.201188885
9,IL-2,28,16,12,0.85375,0.805166667,-0.089504939,-0.103228637,-0.142667504,-0.142667504,0.023802915,0.038290991,0.980963739,0.084526226,0.980963739
10,IL-2,34,18,16,0.855,0.751875,-0.091488113,-0.126304294,-0.142667504,-0.142667504,0.019370723,0.0364731,0.764067751,0.185431588,0.922918733
-10,IL-4,9,1,8,0.12,0.1465,-0.920818754,-0.86193814,-0.920818754,-0.899848409,0,0.07639393,0.69611752,-0.287866259,0.957264957
-9,IL-4,13,4,9,0.1175,0.124666667,-0.930265894,-0.905193961,-0.920818754,-0.913640169,0.00944714,0.034762106,0.120247472,-0.085415013,0.876345159
-8,IL-4,22,9,13,0.126666667,0.342307692,-0.898503157,-0.765559289,-0.920818754,-0.886056648,0.06694679,0.072550667,0.782689992,-1.434256795,0.925782801
-7,IL-4,29,14,15,0.123,0.121466667,-0.911832236,-0.91850884,-0.920818754,-0.920818754,0.027866226,0.039864626,0.629951652,0.018097857,0.938852814
-6,IL-4,26,10,16,0.1232,0.118375,-0.911935985,-0.928403069,-0.920818754,-0.920818754,0.027866226,0.072550667,0.590503856,0.05763783,0.978972735
-5,IL-4,25,8,17,0.1275,0.117294118,-0.895713708,-0.932198205,-0.920818754,-0.920818754,0.06694679,0.037788561,0.077008876,0.120366584,0.512661015
-4,IL-4,31,12,19,0.122666667,0.122631579,-0.913416447,-0.915922734,-0.920818754,-0.920818754,0.014074465,0.072550667,0.675815541,4.13E-04,0.952255301
-3,IL-4,26,11,15,0.14,0.1176,-0.865947912,-0.931196228,-0.920818754,-0.920818754,0.06694679,0.041377853,0.036922398,0.251538767,0.409502246
-2,IL-4,40,16,24,0.120125,0.116833333,-0.921323899,-0.933897752,-0.920818754,-0.920818754,0,0.044967146,0.422674198,0.040084487,0.753628353
-1,IL-4,32,15,17,0.123333333,0.119176471,-0.910764264,-0.92582704,-0.920818754,-0.920818754,0.033473395,0.007178585,0.730181721,0.049463342,0.782337558
0,IL-4,41,17,24,0.426,0.12975,-0.798876558,-0.904886514,-0.920818754,-0.920818754,0.034762106,0.072550667,0.469964958,1.715118892,0.793709946
1,IL-4,35,15,20,0.224666667,0.1993,-0.822314247,-0.829577206,-0.920818754,-0.920818754,0.06694679,0.042808277,1,0.172844381,1
2,IL-4,42,18,24,1.47,0.175416667,-0.442371917,-0.818125675,-0.787559182,-0.920818754,0.866772787,0.13029388,0.046637894,3.066958422,0.156255998
3,IL-4,34,16,18,0.961875,0.249111111,-0.468477035,-0.829572122,-0.838890353,-0.920818754,1.006155619,0.080346159,0.026636638,1.94906005,0.050901403
4,IL-4,40,18,22,12.21122222,0.227363636,-0.265003183,-0.7732783,-0.631403679,-0.899848409,1.167267592,0.06694679,0.049768861,5.747062263,0.063971276
5,IL-4,36,18,18,2.517222222,2.070111111,-0.294411836,-0.781912344,-0.56893431,-0.920818754,1.061377931,0.043172499,0.016831492,0.282124379,0.025247238
6,IL-4,40,20,20,0.5151,0.1246,-0.567511375,-0.911104539,-0.701152407,-0.920818754,0.63460442,0.051863026,0.008978116,2.047548472,0.019238821
7,IL-4,34,17,17,0.255882353,0.116588235,-0.743965132,-0.935055339,-0.920818754,-0.920818754,0.318758763,0.037788561,0.057951077,1.134058438,0.12418088
8,IL-4,34,17,17,0.235294118,0.117764706,-0.739563646,-0.931117292,-0.920818754,-0.920818754,0.352182518,0.037788561,0.067893696,0.998558026,0.09423617
9,IL-4,28,16,12,0.160625,0.1435,-0.847054458,-0.892103662,-0.920818754,-0.920818754,0.06694679,0.049931378,0.244152054,0.162645717,0.457785102
10,IL-4,34,18,16,0.232222222,0.11825,-0.783483126,-0.930498239,-0.920818754,-0.920818754,0.06694679,0.039583207,0.077504235,0.973665852,0.188383046
-10,IL-6,9,1,8,4.05,38.745,0.607455023,0.368257062,0.607455023,0.16409803,0,0.310222286,0.444444444,-3.258016331,0.957264957
-9,IL-6,13,4,9,5.77,8.768888889,0.710645033,0.488324379,0.640485985,0.161368002,0.264369111,0.746611639,0.33006993,-0.603822731,0.876345159
-8,IL-6,22,9,13,7.355555556,14.63076923,0.683280437,0.6667013,0.807535028,0.451786436,0.681344041,0.771127467,0.844582043,-0.992099407,0.925782801
-7,IL-6,28,13,15,8.273076923,4.063333333,0.645882153,0.374618553,0.597695186,0.371067862,0.302372484,0.506261929,0.118445357,1.025760276,0.444170088
-6,IL-6,26,10,16,13.721,9.063125,0.882267095,0.626998731,0.890363823,0.483661642,0.515308828,0.693617309,0.20053523,0.598305142,0.838642849
-5,IL-6,25,8,17,5.27,5.454117647,0.561164359,0.495311299,0.641650614,0.311753861,0.631360635,0.530847675,0.753822897,-0.049542858,0.942278621
-4,IL-6,31,12,19,8.501666667,4.827368421,0.592913132,0.544482579,0.37775449,0.521138084,0.693875699,0.520326946,0.952255301,0.816508759,0.952255301
-3,IL-6,26,11,15,5.896363636,5.598666667,0.618610459,0.546392086,0.474216264,0.638489257,0.594485049,0.302371818,0.835513806,0.074742213,0.918816851
-2,IL-6,40,16,24,9.31125,8.17875,0.666392844,0.677500502,0.588453483,0.720080506,0.474518779,0.473082174,0.774498437,0.187094492,0.774498437
-1,IL-6,32,15,17,9.296666667,6.736470588,0.819984858,0.661782109,0.862131379,0.755112266,0.344087824,0.378386472,0.261270228,0.464720605,0.65317557
0,IL-6,41,17,24,111.0105882,26.42291667,1.280598996,1.136635454,1.1430148,1.057865816,0.517809682,0.457773422,0.665810056,2.070835657,0.793709946
1,IL-6,35,15,20,130.5806667,26.1605,1.425341634,1.272927273,1.307709923,1.303512939,0.476248664,0.410509268,0.705099664,2.319479292,1
2,IL-6,42,18,24,474.7138889,90.71875,2.072807254,1.576203342,1.953633402,1.606638518,1.61142217,0.844298771,0.069163805,2.387585593,0.156255998
3,IL-6,34,16,18,443.585625,122.265,2.070266866,1.367782918,2.062280149,1.263518345,1.785276923,1.011971992,0.026038877,1.859201142,0.050901403
4,IL-6,40,18,22,1137.366111,72.93727273,2.217829259,1.416385937,2.100628763,1.370490382,1.711075177,1.116870669,0.014962164,3.962896658,0.032061781
5,IL-6,36,18,18,593.9094444,116.7305556,2.259063448,1.172789108,2.552909859,1.175211335,1.599327266,1.035829144,0.001723005,2.347060722,0.005169015
6,IL-6,40,20,20,379.7705,20.979,2.037747213,0.950725483,2.25683917,0.952425367,1.528152428,0.781951303,1.55E-04,4.178110027,5.82E-04
7,IL-6,34,17,17,157.8705882,13.67,1.644493856,0.802934808,1.641672373,0.78604121,1.32777834,0.909881465,0.001741746,3.52965727,0.017018411
8,IL-6,34,17,17,112.0505882,9.362352941,1.654877277,0.710579637,1.713742478,0.792391689,1.343766553,0.955588325,0.001326135,3.58113526,0.004973005
9,IL-6,28,16,12,54.324375,32.18083333,1.386601113,1.048274899,1.299938808,1.012856055,0.765168064,0.578813472,0.090411549,0.755397986,0.271234648
10,IL-6,34,18,16,110.7788889,14.8475,1.455627199,0.737494075,1.302602083,0.627657966,0.987290414,0.638082865,0.004416971,2.899391036,0.033127283
-10,IL-8,9,1,8,12.49,67.72125,1.096562438,1.263517344,1.096562438,1.098557541,0,0.887555629,1,-2.438835126,1
-9,IL-8,13,4,9,27.6175,67.10555556,1.400189076,1.173139038,1.428066456,0.945468585,0.33919028,0.401145149,0.148251748,-1.28084948,0.876345159
-8,IL-8,22,9,13,35.18444444,91.48230769,1.438578281,1.499595181,1.257678575,1.230959556,0.474959412,0.879860146,0.555586828,-1.378555026,0.925782801
-7,IL-8,29,14,15,46.445,34.45933333,1.365610588,1.195267026,1.202679157,1.182414652,0.606440639,0.489288139,0.532545466,0.430628502,0.887575777
-6,IL-8,26,10,16,164.692,50.24125,1.538102101,1.336699408,1.483930942,1.25199062,0.837996621,0.625969835,0.736604518,1.712826213,0.978972735
-5,IL-8,25,8,17,137.21125,32.98823529,1.567912582,1.217453588,1.329374106,1.143639235,0.515129513,0.527018857,0.139846058,2.056375265,0.524422717
-4,IL-8,31,12,19,76.84583333,48.72315789,1.36708162,1.483004822,1.189523974,1.445915414,0.812746457,0.279322133,0.252017274,0.657359396,0.952255301
-3,IL-8,26,11,15,47.28,36,1.577234483,1.320454291,1.672190251,1.301247089,0.454669132,0.544759099,0.148444247,0.393233129,0.556665925
-2,IL-8,40,16,24,48.506875,47.71916667,1.480125227,1.425020295,1.483397867,1.341622204,0.422599357,0.294877948,0.520842368,0.023620389,0.774498437
-1,IL-8,32,15,17,47.73,28.28470588,1.550671996,1.260081716,1.713826424,1.261500773,0.448734115,0.327620426,0.053244392,0.754874167,0.65317557
0,IL-8,41,17,24,139.0135294,63.03708333,1.710299231,1.619937422,1.71858472,1.661844964,0.742391221,0.546213521,0.885597325,1.14095261,0.885597325
1,IL-8,35,15,20,150.826,58.803,1.855888664,1.674916335,1.833784375,1.746698002,0.509502207,0.457247157,0.346712272,1.358923483,0.857567288
2,IL-8,42,18,24,389.9283333,154.7708333,2.290479235,1.953632672,2.254269297,1.950670785,0.964040126,0.512466714,0.072919466,1.333075369,0.156255998
3,IL-8,34,16,18,467.26625,149.4866667,2.412178366,1.864727976,2.530241601,1.830055248,0.997380206,0.459975594,0.007925393,1.644228027,0.044281015
4,IL-8,40,18,22,592.7033333,188.8363636,2.553670828,1.992148146,2.739238703,2.011072777,0.827323863,0.425767036,0.002657574,1.650173564,0.007972723
5,IL-8,36,18,18,486.2561111,137.8527778,2.486945956,1.701677227,2.680428863,1.654345528,0.666933663,0.352316946,5.63E-04,1.818588043,0.003277451
6,IL-8,40,20,20,440.8085,57.541,2.406166987,1.654159851,2.49352486,1.690074494,0.801433949,0.381844673,1.14E-05,2.937489844,8.52E-05
7,IL-8,34,17,17,254.6452941,105.6229412,2.179003863,1.684559976,1.979001748,1.66152874,0.691562312,0.430205382,0.002269121,1.269565836,0.017018411
8,IL-8,34,17,17,324.4229412,44.81176471,2.264902391,1.567450365,2.237468333,1.611085733,0.670222709,0.42495307,7.76E-06,2.855926395,1.16E-04
9,IL-8,28,16,12,206.20875,140.0308333,2.074235177,1.68854642,1.913418439,1.577828648,0.467178824,0.18445454,0.002181728,0.558361023,0.032725923
10,IL-8,34,18,16,256.7766667,105.575,2.142634554,1.527678652,2.05122453,1.341546404,0.638220137,0.564888816,1.90E-04,1.282245863,0.002846102
-10,MIP-alpha,9,1,8,22.88,40.25875,1.35945602,1.549618292,1.35945602,1.490428875,0,0.256060663,0.444444444,-0.815215326,0.957264957
-9,MIP-alpha,13,4,9,33.7725,39.61555556,1.506564303,1.553005164,1.474898392,1.459693976,0.16441223,0.132939673,0.71048951,-0.230218056,0.952124798
-8,MIP-alpha,22,9,13,30.86666667,37.98461538,1.467758896,1.543040204,1.437750563,1.46478752,0.086026344,0.27538216,0.30050445,-0.29936552,0.90151335
-7,MIP-alpha,29,14,15,27.73142857,36.56933333,1.426439357,1.515253441,1.393669016,1.453624074,0.065660405,0.149692212,0.062953353,-0.399112388,0.444170088
-6,MIP-alpha,26,10,16,29.282,31.235625,1.463364544,1.463158228,1.456439026,1.448312264,0.079345186,0.175685089,0.978972735,-0.093178302,0.978972735
-5,MIP-alpha,25,8,17,33.1325,42.02647059,1.463962849,1.537738621,1.408255869,1.450864692,0.34956337,0.134874277,0.466411763,-0.343051238,0.846018577
-4,MIP-alpha,31,12,19,39.30416667,36.69315789,1.517761772,1.520656189,1.43250162,1.442636526,0.11730135,0.247122956,0.730199921,0.09917119,0.952255301
-3,MIP-alpha,26,11,15,49.50727273,38.94333333,1.52298326,1.544945151,1.437750563,1.46478752,0.127401021,0.195138623,0.363418524,0.3462641,0.77875398
-2,MIP-alpha,40,16,24,29.8675,38.53083333,1.456715149,1.543337321,1.438936083,1.508462251,0.142556687,0.146994081,0.139558398,-0.367436904,0.610028459
-1,MIP-alpha,32,15,17,36.59533333,46.18411765,1.515597743,1.564941554,1.43917474,1.467756051,0.185665399,0.161914216,0.496557413,-0.335737119,0.751095469
0,MIP-alpha,41,17,24,70.44235294,52.78125,1.671096345,1.654602721,1.517063873,1.601024121,0.436857178,0.355397702,0.74079595,0.416417581,0.793709946
1,MIP-alpha,34,15,19,69.75066667,61.55473684,1.748376657,1.708905088,1.735439203,1.649918719,0.216964277,0.464864747,0.681187072,0.180337125,1
2,MIP-alpha,42,18,24,158.4255556,68.31041667,1.998081386,1.75646489,1.977834725,1.794547885,0.648493677,0.357044719,0.091168536,1.213627577,0.170941004
3,MIP-alpha,34,16,18,154.423125,68.285,2.047015029,1.709489971,2.115671663,1.657214118,0.508026301,0.407760299,0.008856203,1.177248209,0.044281015
4,MIP-alpha,40,18,22,174.1022222,76.12045455,2.118346445,1.785056155,2.111748666,1.720160722,0.362188076,0.393890224,0.001343418,1.193578536,0.005504668
5,MIP-alpha,36,18,18,161.9016667,68.74333333,2.113588125,1.692371693,2.061913333,1.614949839,0.347452138,0.267014341,2.11E-04,1.235826123,0.003157622
6,MIP-alpha,40,20,20,134.0765,44.2685,2.031784387,1.618806709,2.016949291,1.608577773,0.321080272,0.230914196,1.13E-06,1.598703999,1.69E-05
7,MIP-alpha,34,17,17,121.0611765,75.45294118,1.97894337,1.71186936,1.835690571,1.643748685,0.487777631,0.451641209,0.005393566,0.682087233,0.020225871
8,MIP-alpha,34,17,17,111.5617647,42.25294118,1.958783423,1.598990576,1.937969003,1.542078146,0.476694681,0.282619643,1.81E-04,1.400718986,0.001353802
9,MIP-alpha,28,16,12,90.766875,264.0333333,1.877523013,1.745125385,1.896791915,1.526439119,0.480094435,0.43076499,0.019747513,-1.540482284,0.113445378
10,MIP-alpha,34,18,16,77.13888889,132.408125,1.814097364,1.685690585,1.820257096,1.533218575,0.369640248,0.319832317,0.042464808,-0.779461383,0.159243032
-10,TNF-alpha,9,1,8,3.28,4.9925,0.515873844,0.557595337,0.515873844,0.471212388,0,0.344993399,0.888888889,-0.606066613,0.957264957
-9,TNF-alpha,13,4,9,5.07,4.243333333,0.643726288,0.575728961,0.576327599,0.465382851,0.15242623,0.269747274,0.588641927,0.256787734,0.952124798
-8,TNF-alpha,22,9,13,4.576666667,5.786923077,0.55275853,0.676603104,0.432969291,0.694605199,0.281407606,0.328802574,0.393265249,-0.338499247,0.925782801
-7,TNF-alpha,29,14,15,4.148571429,3.931333333,0.566302254,0.544207663,0.534981969,0.587710965,0.328107457,0.317971781,0.779994961,0.077595933,0.938852814
-6,TNF-alpha,26,10,16,5.096,4.651875,0.67745167,0.603205891,0.724136678,0.595515804,0.137359148,0.327708415,0.391366663,0.131552947,0.838642849
-5,TNF-alpha,25,8,17,4.7375,4.221764706,0.593723342,0.547310149,0.463728812,0.463892989,0.428866266,0.345524214,0.620413623,0.166279769,0.846018577
-4,TNF-alpha,31,12,19,6.9825,6.199473684,0.750034669,0.702417891,0.603588204,0.720159303,0.425840701,0.271670821,0.888881004,0.171597928,0.952255301
-3,TNF-alpha,26,11,15,5.827272727,8.438666667,0.662696659,0.605943033,0.555094449,0.514547753,0.42582607,0.286084953,0.474226524,-0.534194234,0.79037754
-2,TNF-alpha,40,16,24,5.479375,7.911666667,0.697151307,0.712163334,0.684373952,0.717964367,0.30043356,0.317057702,0.761344885,-0.529970301,0.774498437
-1,TNF-alpha,32,15,17,6.332666667,5.335882353,0.742436284,0.681365098,0.665580991,0.673941999,0.268901155,0.337491056,0.550803344,0.247086284,0.751095469
0,TNF-alpha,41,17,24,9.612352941,9.0225,0.884890951,0.853445749,0.866287339,0.883349158,0.350216492,0.354543337,0.691397413,0.091362383,0.793709946
1,TNF-alpha,35,15,20,10.932,7.9285,0.9627694,0.853057379,0.922725458,0.87390121,0.267864509,0.302995234,0.400198068,0.463437513,0.857567288
2,TNF-alpha,42,18,24,18.28166667,11.59,1.117544737,0.978180085,1.11719764,0.970934528,0.605014447,0.234803846,0.303268842,0.657517035,0.454903262
3,TNF-alpha,34,16,18,16.426875,9.808888889,1.122525049,0.932135384,1.123650224,1.003490023,0.469671979,0.39978098,0.081378932,0.743896424,0.122068398
4,TNF-alpha,40,18,22,20.87722222,15.76045455,1.232876379,1.07638829,1.302750352,1.034060264,0.300265151,0.164148458,0.051177021,0.405620626,0.063971276
5,TNF-alpha,36,18,18,21.14166667,12.09777778,1.253810501,0.995149981,1.290937753,1.012790143,0.234727397,0.30549306,0.006402233,0.805347048,0.013719071
6,TNF-alpha,40,20,20,18.5095,13.1965,1.211376023,0.987029878,1.258034351,0.946517278,0.343628294,0.16359007,0.004266746,0.488110578,0.010666864
7,TNF-alpha,34,17,17,15.85294118,12.55588235,1.126647995,1.010513496,1.13289977,0.978636948,0.416977878,0.147179695,0.19054986,0.33638711,0.219865223
8,TNF-alpha,34,17,17,14.88058824,13.17764706,1.097534117,0.97657099,1.122215878,0.894316063,0.35188854,0.156907943,0.081918001,0.175338766,0.102397502
9,TNF-alpha,28,16,12,12.4825,12.69416667,1.020425593,0.984589731,0.988708374,0.846083157,0.299188037,0.381045217,0.507018546,-0.024258783,0.633773183
10,TNF-alpha,33,17,16,11.40941176,15.051875,0.957990579,0.993968187,0.849419414,0.843216686,0.375111147,0.34872163,1,-0.399718801,1