﻿Randomized ID,TCS,Outcome (OR vs NR),"CRS (0=N, 1=Y)",CRS Grade,"HLH (0=N, 1=Y)",RNA Batch ID,Fresh vs Frozen,Possible Aph PRod?
277,0,OR,1,1,0,1,Frozen,N
372,1,OR,1,2,1,2,Frozen,N
533,0,OR,1,2,1,4,Frozen,N
817,1,OR,1,2,1,1,Frozen,N
992,1,NR,0,0,0,5,Frozen,N
1056,1,NR,0,0,0,1,Frozen,N
1541,1,OR,1,2,1,5,Frozen,Y
1639,0,NR,0,0,0,4,Frozen,N
1699,0,OR,1,2,0,1,Frozen,N
1971,1,OR,1,1,0,2,Frozen,N
2973,0,OR,1,1,0,1,Frozen,N
3030,0,OR,1,1,0,1,Frozen,N
3177,1,OR,1,1,0,5,Frozen,N
3209,0,OR,1,2,0,1,Frozen,N
3328,1,OR,1,1,0,6,Frozen,N
3333,1,OR,1,4,0,4,Frozen,N
4029,0,NR,1,2,0,1,Frozen,N
4356,0,OR,1,2,1,4,Frozen,N
4460,1,OR,1,1,0,5,Frozen,Y
4661,1,NR,0,0,0,5,Frozen,Y
4719,1,OR,1,1,1,1,Frozen,N
4723,1,OR,1,2,1,4,Frozen,Y
5073,1,OR,1,2,1,1,Frozen,N
5085,1,OR,1,3,0,6,Frozen,N
5129,0,OR,1,1,0,5,Frozen,N
5394,1,NR,1,1,1,6,Frozen,N
5890,0,NR,1,2,0,5,Frozen,N
5891,1,OR,1,1,1,1,Frozen,N
5998,1,OR,1,2,1,5,Frozen,Y
6024,1,OR,1,2,1,5,Frozen,Y
6111,1,OR,1,2,1,6,Frozen,N
6141,1,OR,1,2,0,5,Frozen,N
6546,1,OR,1,3,1,4,Frozen,Y
6547,0,OR,1,2,1,1,Frozen,N
6941,0,N/A,1,4,0,1,Frozen,N
7025,0,OR,1,1,0,4,Frozen,N
7313,1,OR,1,3,1,4,Frozen,N
7443,1,OR,1,1,0,4,Frozen,N
7474,1,OR,1,2,1,5,Frozen,N
8476,1,OR,1,1,0,5,Frozen,N
8865,0,NR,1,2,0,1,Frozen,N
9216,1,OR,1,2,1,4,Frozen,N
9309,1,OR,1,1,0,4,Frozen,N
9691,1,OR,1,1,1,4,Frozen,N